-- phpMyAdmin SQL Dump
-- version 5.2.1
-- https://www.phpmyadmin.net/
--
-- Host: 127.0.0.1
-- Generation Time: May 05, 2024 at 10:46 PM
-- Server version: 10.4.27-MariaDB
-- PHP Version: 8.2.12

SET SQL_MODE = "NO_AUTO_VALUE_ON_ZERO";
START TRANSACTION;
SET time_zone = "+00:00";


/*!40101 SET @OLD_CHARACTER_SET_CLIENT=@@CHARACTER_SET_CLIENT */;
/*!40101 SET @OLD_CHARACTER_SET_RESULTS=@@CHARACTER_SET_RESULTS */;
/*!40101 SET @OLD_COLLATION_CONNECTION=@@COLLATION_CONNECTION */;
/*!40101 SET NAMES utf8mb4 */;

--
-- Database: `note-taking-app`
--

-- --------------------------------------------------------

--
-- Table structure for table `cache`
--

CREATE TABLE `cache` (
  `key` varchar(255) NOT NULL,
  `value` mediumtext NOT NULL,
  `expiration` int(11) NOT NULL
) ENGINE=InnoDB DEFAULT CHARSET=utf8mb4 COLLATE=utf8mb4_general_ci;

-- --------------------------------------------------------

--
-- Table structure for table `cache_locks`
--

CREATE TABLE `cache_locks` (
  `key` varchar(255) NOT NULL,
  `owner` varchar(255) NOT NULL,
  `expiration` int(11) NOT NULL
) ENGINE=InnoDB DEFAULT CHARSET=utf8mb4 COLLATE=utf8mb4_general_ci;

-- --------------------------------------------------------

--
-- Table structure for table `failed_jobs`
--

CREATE TABLE `failed_jobs` (
  `id` bigint(20) UNSIGNED NOT NULL,
  `uuid` varchar(255) NOT NULL,
  `connection` text NOT NULL,
  `queue` text NOT NULL,
  `payload` longtext NOT NULL,
  `exception` longtext NOT NULL,
  `failed_at` timestamp NOT NULL DEFAULT current_timestamp()
) ENGINE=InnoDB DEFAULT CHARSET=utf8mb4 COLLATE=utf8mb4_general_ci;

-- --------------------------------------------------------

--
-- Table structure for table `jobs`
--

CREATE TABLE `jobs` (
  `id` bigint(20) UNSIGNED NOT NULL,
  `queue` varchar(255) NOT NULL,
  `payload` longtext NOT NULL,
  `attempts` tinyint(3) UNSIGNED NOT NULL,
  `reserved_at` int(10) UNSIGNED DEFAULT NULL,
  `available_at` int(10) UNSIGNED NOT NULL,
  `created_at` int(10) UNSIGNED NOT NULL
) ENGINE=InnoDB DEFAULT CHARSET=utf8mb4 COLLATE=utf8mb4_general_ci;

-- --------------------------------------------------------

--
-- Table structure for table `job_batches`
--

CREATE TABLE `job_batches` (
  `id` varchar(255) NOT NULL,
  `name` varchar(255) NOT NULL,
  `total_jobs` int(11) NOT NULL,
  `pending_jobs` int(11) NOT NULL,
  `failed_jobs` int(11) NOT NULL,
  `failed_job_ids` longtext NOT NULL,
  `options` mediumtext DEFAULT NULL,
  `cancelled_at` int(11) DEFAULT NULL,
  `created_at` int(11) NOT NULL,
  `finished_at` int(11) DEFAULT NULL
) ENGINE=InnoDB DEFAULT CHARSET=utf8mb4 COLLATE=utf8mb4_general_ci;

-- --------------------------------------------------------

--
-- Table structure for table `migrations`
--

CREATE TABLE `migrations` (
  `id` int(10) UNSIGNED NOT NULL,
  `migration` varchar(255) NOT NULL,
  `batch` int(11) NOT NULL
) ENGINE=InnoDB DEFAULT CHARSET=utf8mb4 COLLATE=utf8mb4_general_ci;

--
-- Dumping data for table `migrations`
--

INSERT INTO `migrations` (`id`, `migration`, `batch`) VALUES
(1, '0001_01_01_000000_create_users_table', 1),
(2, '0001_01_01_000001_create_cache_table', 1),
(3, '0001_01_01_000002_create_jobs_table', 1),
(5, '2024_05_05_163520_create_notetakings_table', 2),
(6, '2024_05_05_202114_alter_notetakings_table', 2);

-- --------------------------------------------------------

--
-- Table structure for table `notetakings`
--

CREATE TABLE `notetakings` (
  `id` bigint(20) UNSIGNED NOT NULL,
  `title` varchar(255) NOT NULL,
  `description` text DEFAULT NULL,
  `user_id` bigint(20) UNSIGNED NOT NULL,
  `created_at` timestamp NULL DEFAULT NULL,
  `updated_at` timestamp NULL DEFAULT NULL
) ENGINE=InnoDB DEFAULT CHARSET=utf8mb4 COLLATE=utf8mb4_general_ci;

--
-- Dumping data for table `notetakings`
--

INSERT INTO `notetakings` (`id`, `title`, `description`, `user_id`, `created_at`, `updated_at`) VALUES
(1, 'What is Lorem Ipsum?', 'It is a long established fact that a reader will be distracted by the readable content of a page when looking at its layout. The point of using Lorem Ipsum is that it has a more-or-less normal distribution of letters, as opposed to using \'Content here, content here\', making it look like readable English. Many desktop publishing packages and web page editors now use Lorem Ipsum as their default model text, and a search for \'lorem ipsum\' will uncover many web sites still in their infancy. Various versions have evolved over the years, sometimes by accident, sometimes on purpose (injected humour and the like).', 2, '2024-05-05 14:32:38', '2024-05-05 14:32:38'),
(2, 'Where can I get some?', 'There are many variations of passages of Lorem Ipsum available, but the majority have suffered alteration in some form, by injected humour, or randomised words which don\'t look even slightly believable. If you are going to use a passage of Lorem Ipsum, you need to be sure there isn\'t anything embarrassing hidden in the middle of text. All the Lorem Ipsum generators on the Internet tend to repeat predefined chunks as necessary, making this the first true generator on the Internet. It uses a dictionary of over 200 Latin words, combined with a handful of model sentence structures, to generate Lorem Ipsum which looks reasonable. The generated Lorem Ipsum is therefore always free from repetition, injected humour, or non-characteristic words etc.', 1, '2024-05-05 14:33:34', '2024-05-05 14:33:34'),
(3, 'Where does it come from Partho?', 'Contrary to popular belief, Lorem Ipsum is not simply random text. It has roots in a piece of classical Latin literature from 45 BC, making it over 2000 years old. Richard McClintock, a Latin professor at Hampden-Sydney College in Virginia, looked up one of the more obscure Latin words, consectetur, from a Lorem Ipsum passage, and going through the cites of the word in classical literature, discovered the undoubtable source. Lorem Ipsum comes from sections 1.10.32 and 1.10.33 of \"de Finibus Bonorum et Malorum\" (The Extremes of Good and Evil) by Cicero, written in 45 BC. This book is a treatise on the theory of ethics, very popular during the Renaissance. The first line of Lorem Ipsum, \"Lorem ipsum dolor sit amet..\", comes from a line in section 1.10.32.', 3, '2024-05-05 14:34:52', '2024-05-05 14:36:52'),
(4, '¿Dónde puedo conseguirlo?', 'Hay muchas variaciones de los pasajes de Lorem Ipsum disponibles, pero la mayoría sufrió alteraciones en alguna manera, ya sea porque se le agregó humor, o palabras aleatorias que no parecen ni un poco creíbles. Si vas a utilizar un pasaje de Lorem Ipsum, necesitás estar seguro de que no hay nada avergonzante escondido en el medio del texto. Todos los generadores de Lorem Ipsum que se encuentran en Internet tienden a repetir trozos predefinidos cuando sea necesario, haciendo a este el único generador verdadero (válido) en la Internet. Usa un diccionario de mas de 200 palabras provenientes del latín, combinadas con estructuras muy útiles de sentencias, para generar texto de Lorem Ipsum que parezca razonable. Este Lorem Ipsum generado siempre estará libre de repeticiones, humor agregado o palabras no características del lenguaje, etc.', 1, '2024-05-05 14:40:17', '2024-05-05 14:40:17'),
(5, '¿Qué es Lorem Ipsum?', 'Lorem Ipsum es simplemente el texto de relleno de las imprentas y archivos de texto. Lorem Ipsum ha sido el texto de relleno estándar de las industrias desde el año 1500, cuando un impresor (N. del T. persona que se dedica a la imprenta) desconocido usó una galería de textos y los mezcló de tal manera que logró hacer un libro de textos especimen. No sólo sobrevivió 500 años, sino que tambien ingresó como texto de relleno en documentos electrónicos, quedando esencialmente igual al original. Fue popularizado en los 60s con la creación de las hojas \"Letraset\", las cuales contenian pasajes de Lorem Ipsum, y más recientemente con software de autoedición, como por ejemplo Aldus PageMaker, el cual incluye versiones de Lorem Ipsum.', 1, '2024-05-05 14:40:36', '2024-05-05 14:40:36'),
(6, 'Al contrario del pensamiento', 'el texto de Lorem Ipsum no es simplemente texto aleatorio. Tiene sus raices en una pieza cl´sica de la literatura del Latin, que data del año 45 antes de Cristo, haciendo que este adquiera mas de 2000 años de antiguedad. Richard McClintock, un profesor de Latin de la Universidad de Hampden-Sydney en Virginia, encontró una de las palabras más oscuras de la lengua del latín, \"consecteur\", en un pasaje de Lorem Ipsum, y al seguir leyendo distintos textos del latín, descubrió la fuente indudable. Lorem Ipsum viene de las secciones 1.10.32 y 1.10.33 de \"de Finnibus Bonorum et Malorum\" (Los Extremos del Bien y El Mal) por Cicero, escrito en el año 45 antes de Cristo. Este libro es un tratado de teoría de éticas, muy popular durante el Renacimiento. La primera linea del Lorem Ipsum, \"Lorem ipsum dolor sit amet..\", viene de una linea en la sección 1.10.32', 1, '2024-05-05 14:40:53', '2024-05-05 14:40:53'),
(7, 'Hay muchas variaciones de los pasajes', 'de Lorem Ipsum disponibles, pero la mayoría sufrió alteraciones en alguna manera, ya sea porque se le agregó humor, o palabras aleatorias que no parecen ni un poco creíbles. Si vas a utilizar un pasaje de Lorem Ipsum, necesitás estar seguro de que no hay nada avergonzante escondido en el medio del texto. Todos los generadores de Lorem Ipsum que se encuentran en Internet tienden a repetir trozos predefinidos cuando sea necesario, haciendo a este el único generador verdadero (válido) en la Internet. Usa un diccionario de mas de 200 palabras provenientes del latín, combinadas con estructuras muy útiles de sentencias, para generar texto de Lorem Ipsum que parezca razonable. Este Lorem Ipsum generado siempre estará libre de repeticiones, humor agregado o palabras', 1, '2024-05-05 14:41:11', '2024-05-05 14:41:11'),
(8, 'hace demasiado tiempo que un lector se', 'El punto de usar Lorem Ipsum es que tiene una distribución más o menos normal de las letras, al contrario de usar textos como por ejemplo \"Contenido aquí, contenido aquí\". Estos textos hacen parecerlo un español que se puede leer. Muchos paquetes de autoedición y editores de páginas web usan el Lorem Ipsum como su texto por defecto, y al hacer una búsqueda de \"Lorem Ipsum\" va a dar por resultado muchos sitios web que usan este texto si se encuentran en estado de desarrollo. Muchas versiones han evolucionado a través de los años, algunas veces por accidente, otras veces a propósito (por ejemplo insertándole humor y cosas por el estilo).', 1, '2024-05-05 14:41:33', '2024-05-05 14:41:33'),
(9, 'Al contrario del pensamiento popular', 'el texto de Lorem Ipsum no es simplemente texto aleatorio. Tiene sus raices en una pieza cl´sica de la literatura del Latin, que data del año 45 antes de Cristo, haciendo que este adquiera mas de 2000 años de antiguedad. Richard McClintock, un profesor de Latin de la Universidad de Hampden-Sydney en Virginia, encontró una de las palabras más oscuras de la lengua del latín, \"consecteur\", en un pasaje de Lorem Ipsum, y al seguir leyendo distintos textos del latín, descubrió la fuente indudable. Lorem Ipsum viene de las secciones 1.10.32 y 1.10.33 de \"de Finnibus Bonorum et Malorum\" (Los Extremos del Bien y El Mal) por Cicero, escrito en el año 45 antes de Cristo. Este libro es un tratado de teoría de éticas, muy popular durante el Renacimiento. La primera linea del Lorem Ipsum, \"Lorem ipsum dolor sit amet..\", viene de una linea en la sección 1.10.32', 1, '2024-05-05 14:41:50', '2024-05-05 14:41:50'),
(10, '¿Dónde puedo conseguirlo?', 'Hay muchas variaciones de los pasajes de Lorem Ipsum disponibles, pero la mayoría sufrió alteraciones en alguna manera, ya sea porque se le agregó humor, o palabras aleatorias que no parecen ni un poco creíbles. Si vas a utilizar un pasaje de Lorem Ipsum, necesitás estar seguro de que no hay nada avergonzante escondido en el medio del texto. Todos los generadores de Lorem Ipsum que se encuentran en Internet tienden a repetir trozos predefinidos cuando sea necesario, haciendo a este el único generador verdadero (válido) en la Internet. Usa un diccionario de mas de 200 palabras provenientes del latín, combinadas con estructuras muy útiles de sentencias, para generar texto de Lorem Ipsum que parezca razonable. Este Lorem Ipsum generado siempre estará libre de repeticiones, humor agregado o palabras no características del lenguaje, etc.', 2, '2024-05-05 14:42:40', '2024-05-05 14:42:40');

-- --------------------------------------------------------

--
-- Table structure for table `password_reset_tokens`
--

CREATE TABLE `password_reset_tokens` (
  `email` varchar(255) NOT NULL,
  `token` varchar(255) NOT NULL,
  `created_at` timestamp NULL DEFAULT NULL
) ENGINE=InnoDB DEFAULT CHARSET=utf8mb4 COLLATE=utf8mb4_general_ci;

-- --------------------------------------------------------

--
-- Table structure for table `sessions`
--

CREATE TABLE `sessions` (
  `id` varchar(255) NOT NULL,
  `user_id` bigint(20) UNSIGNED DEFAULT NULL,
  `ip_address` varchar(45) DEFAULT NULL,
  `user_agent` text DEFAULT NULL,
  `payload` longtext NOT NULL,
  `last_activity` int(11) NOT NULL
) ENGINE=InnoDB DEFAULT CHARSET=utf8mb4 COLLATE=utf8mb4_general_ci;

--
-- Dumping data for table `sessions`
--

INSERT INTO `sessions` (`id`, `user_id`, `ip_address`, `user_agent`, `payload`, `last_activity`) VALUES
('Zcd6ppIWPuryI0oX8dtoIIkblscKJdjDZmHD88FM', NULL, '127.0.0.1', 'Mozilla/5.0 (Windows NT 10.0; Win64; x64) AppleWebKit/537.36 (KHTML, like Gecko) Chrome/124.0.0.0 Safari/537.36', 'YTozOntzOjY6Il90b2tlbiI7czo0MDoiWEhsNk5taUhwRFJTRGN5ekdqZDlFSk82MFdQVTRybXlnaDhCOGNITiI7czo5OiJfcHJldmlvdXMiO2E6MTp7czozOiJ1cmwiO3M6MjE6Imh0dHA6Ly8xMjcuMC4wLjE6ODAwMCI7fXM6NjoiX2ZsYXNoIjthOjI6e3M6Mzoib2xkIjthOjA6e31zOjM6Im5ldyI7YTowOnt9fX0=', 1714941790);

-- --------------------------------------------------------

--
-- Table structure for table `users`
--

CREATE TABLE `users` (
  `id` bigint(20) UNSIGNED NOT NULL,
  `name` varchar(255) NOT NULL,
  `email` varchar(255) NOT NULL,
  `email_verified_at` timestamp NULL DEFAULT NULL,
  `password` varchar(255) NOT NULL,
  `remember_token` varchar(100) DEFAULT NULL,
  `created_at` timestamp NULL DEFAULT NULL,
  `updated_at` timestamp NULL DEFAULT NULL
) ENGINE=InnoDB DEFAULT CHARSET=utf8mb4 COLLATE=utf8mb4_general_ci;

--
-- Dumping data for table `users`
--

INSERT INTO `users` (`id`, `name`, `email`, `email_verified_at`, `password`, `remember_token`, `created_at`, `updated_at`) VALUES
(1, 'PRASANJIT KUMER ROY', 'admin@example.com', NULL, '$2y$12$NmO5cSeFJu/JlkCNSy3.POnJJsoUT5VtWgC9bbfqpbbpx551qQwhS', NULL, '2024-05-05 09:19:12', '2024-05-05 09:19:12'),
(2, 'T-Shirt', 'tshirt@gmail.com', NULL, '$2y$12$6E6qQ0.q46xNj970XSS9XOHfXFO1GL.n48T1T24jk3uF8czxFqVLe', NULL, '2024-05-05 10:29:09', '2024-05-05 10:29:09'),
(3, 'Partho Roy', 'partho@example.com', NULL, '$2y$12$o4N88ll8JJXC9LRh9XRDp.QxM2L9hyGxcxnCRrCQZOYyeFYV1Hbs.', NULL, '2024-05-05 13:10:01', '2024-05-05 13:10:01');

--
-- Indexes for dumped tables
--

--
-- Indexes for table `cache`
--
ALTER TABLE `cache`
  ADD PRIMARY KEY (`key`);

--
-- Indexes for table `cache_locks`
--
ALTER TABLE `cache_locks`
  ADD PRIMARY KEY (`key`);

--
-- Indexes for table `failed_jobs`
--
ALTER TABLE `failed_jobs`
  ADD PRIMARY KEY (`id`),
  ADD UNIQUE KEY `failed_jobs_uuid_unique` (`uuid`);

--
-- Indexes for table `jobs`
--
ALTER TABLE `jobs`
  ADD PRIMARY KEY (`id`),
  ADD KEY `jobs_queue_index` (`queue`);

--
-- Indexes for table `job_batches`
--
ALTER TABLE `job_batches`
  ADD PRIMARY KEY (`id`);

--
-- Indexes for table `migrations`
--
ALTER TABLE `migrations`
  ADD PRIMARY KEY (`id`);

--
-- Indexes for table `notetakings`
--
ALTER TABLE `notetakings`
  ADD PRIMARY KEY (`id`),
  ADD KEY `notetakings_user_id_foreign` (`user_id`);

--
-- Indexes for table `password_reset_tokens`
--
ALTER TABLE `password_reset_tokens`
  ADD PRIMARY KEY (`email`);

--
-- Indexes for table `sessions`
--
ALTER TABLE `sessions`
  ADD PRIMARY KEY (`id`),
  ADD KEY `sessions_user_id_index` (`user_id`),
  ADD KEY `sessions_last_activity_index` (`last_activity`);

--
-- Indexes for table `users`
--
ALTER TABLE `users`
  ADD PRIMARY KEY (`id`),
  ADD UNIQUE KEY `users_email_unique` (`email`);

--
-- AUTO_INCREMENT for dumped tables
--

--
-- AUTO_INCREMENT for table `failed_jobs`
--
ALTER TABLE `failed_jobs`
  MODIFY `id` bigint(20) UNSIGNED NOT NULL AUTO_INCREMENT;

--
-- AUTO_INCREMENT for table `jobs`
--
ALTER TABLE `jobs`
  MODIFY `id` bigint(20) UNSIGNED NOT NULL AUTO_INCREMENT;

--
-- AUTO_INCREMENT for table `migrations`
--
ALTER TABLE `migrations`
  MODIFY `id` int(10) UNSIGNED NOT NULL AUTO_INCREMENT, AUTO_INCREMENT=7;

--
-- AUTO_INCREMENT for table `notetakings`
--
ALTER TABLE `notetakings`
  MODIFY `id` bigint(20) UNSIGNED NOT NULL AUTO_INCREMENT, AUTO_INCREMENT=11;

--
-- AUTO_INCREMENT for table `users`
--
ALTER TABLE `users`
  MODIFY `id` bigint(20) UNSIGNED NOT NULL AUTO_INCREMENT, AUTO_INCREMENT=4;

--
-- Constraints for dumped tables
--

--
-- Constraints for table `notetakings`
--
ALTER TABLE `notetakings`
  ADD CONSTRAINT `notetakings_user_id_foreign` FOREIGN KEY (`user_id`) REFERENCES `users` (`id`) ON DELETE CASCADE;
COMMIT;

/*!40101 SET CHARACTER_SET_CLIENT=@OLD_CHARACTER_SET_CLIENT */;
/*!40101 SET CHARACTER_SET_RESULTS=@OLD_CHARACTER_SET_RESULTS */;
/*!40101 SET COLLATION_CONNECTION=@OLD_COLLATION_CONNECTION */;
